ID,Время создания,Укажите Ваш пол,Укажите Ваш статус,Укажите Ваш возраст (целое число лет),Ваше отношение к увеличению туристического потока в городе Алексин?,"Какие мероприятия, по Вашему мнению, будут интересны молодым жителям и гостям города?",В каких мероприятиях Вы бы приняли активное участие?
1560811626,2023-12-01 11:24:33,жен,студент,15,положительное,К поп,К поп
1560777009,2023-12-01 10:49:22,муж,школьник,15,положительное,"Концерты современных исполнителей, сезонные мероприятия","В мероприятиях имеющих какой либо смысл или награду, в весëлых мероприятиях по типу нового года, Масленицы и других "
1560768930,2023-12-01 10:41:19,муж,школьник,17,положительное,"Ну думаю какие-нибудь фестивали, праздники, концерты или шоу.",Меня такое не очень сильно интересует
1560764142,2023-12-01 10:36:29,жен,школьник,16,положительное,Массовые мероприятия в честь разных праздников ,"В танцевальных, и мероприятия РДДМ, лёгкая атлетика(бег)"
1560763500,2023-12-01 10:35:48,муж,школьник,15,положительное,дискотека ,мегаполис
1560762825,2023-12-01 10:35:04,жен,школьник,15,положительное,"концерты ,дискотеки ",концерты 
1560762560,2023-12-01 10:34:48,муж,школьник,15,положительное,Музей,В спектаклях
1560745185,2023-12-01 10:15:56,муж,студент,19,отрицательное,Рок-концерт,Рок-концерт
1560661770,2023-12-01 08:35:57,муж,студент,16,отрицательное,Не знаю ,Не в каких 
1560523111,2023-12-01 02:39:00,муж,студент,29,положительное,Туризм,Туризм
1560522378,2023-12-01 02:36:15,муж,студент,29,положительное,Спорт,Спорт
1560403629,2023-11-30 22:22:12,муж,школьник,17,положительное,не знаю,не знаю
1560403381,2023-11-30 22:21:51,жен,школьник,15,положительное,"Концерты, командные игры, конкурсы","Концерты, командные игры, конкурсы"
1560402941,2023-11-30 22:21:17,муж,школьник,17,положительное,... ,... 
1560337925,2023-11-30 21:10:32,муж,школьник,16,отрицательное,Интересные,В интересных
1560333860,2023-11-30 21:06:26,муж,студент,17,положительное,Не знаю,"Не знаю
"
1560326387,2023-11-30 20:59:03,муж,школьник,16,положительное,"Парки,музеи ,кинотеатры",Участвовал в спектаклях
1560319775,2023-11-30 20:52:31,жен,школьник,15,отрицательное,"кино,прогулки",во всех
1560316286,2023-11-30 20:49:02,жен,студент,17,положительное,Незнаю ,Незнаю
1560284684,2023-11-30 20:13:50,муж,школьник,15,положительное,"Кинотеатр и концерты
",Кинотеатр 
1560273064,2023-11-30 20:00:10,жен,школьник,17,положительное,не знаю ,не знаю 
1560265135,2023-11-30 19:51:16,муж,школьник,16,положительное,Илюша трезвый ,Человека паука 
1560262221,2023-11-30 19:48:05,жен,студент,16,положительное,Не знаю ,Не знаю 
1560235495,2023-11-30 19:19:02,муж,школьник,16,положительное,Веселые,В веселых
1560230209,2023-11-30 19:13:01,жен,школьник,16,положительное,дескотеки ,волонтерство
1560225289,2023-11-30 19:07:17,жен,школьник,16,положительное,представления в местном дк,связанные с волонтерством
1560215734,2023-11-30 18:56:19,жен,школьник,16,положительное,"Фестивали, квесты, дискотеки, квизы","Квесты, фестивали"
1560207047,2023-11-30 18:46:09,жен,студент,18,положительное,Поход,Поход
1560205761,2023-11-30 18:44:41,муж,школьник,16,положительное,Экскурсии,Экскурсии
1560205642,2023-11-30 18:44:33,жен,студент,17,положительное,любые мероприятия будут интересны ,совершенно в любых 
1560191012,2023-11-30 18:27:37,жен,школьник,16,положительное,"выставки ,галерея ",в любых было бы интересно 
1560188363,2023-11-30 18:24:40,жен,школьник,16,положительное,разные ,"марафоны, конкурсы, концерты"
1560180154,2023-11-30 18:15:25,жен,студент,16,положительное,Понятия не имею. ,Ни в каких. 
1560178270,2023-11-30 18:13:20,жен,школьник,15,положительное,"Сходить в поход, и увидеть все красоты нашего города ",Сходить в поход 
1560175879,2023-11-30 18:10:36,жен,школьник,16,положительное,"Звукозаписи,киберспорт, скалалазие ",Звукозаписи и скалалозание 
1560173296,2023-11-30 18:07:42,жен,студент,17,положительное,"Походы в музеи ,дискотеки ,концерты,прогулки по Алексину ,просмотр достопримечательностей ",Не знаю 
1560168002,2023-11-30 18:01:37,жен,школьник,16,положительное,Развлекательные мероприятия,Развлекательные мероприятия
1560151582,2023-11-30 17:44:00,муж,школьник,16,отрицательное,Нет,Нет
1560150819,2023-11-30 17:43:16,муж,школьник,15,положительное,Рисования,Техника
1560149780,2023-11-30 17:42:14,муж,школьник,16,положительное,Дота ,Дота
1560148896,2023-11-30 17:41:19,муж,школьник,15,положительное,"Робототехника
",На дронах
1560144094,2023-11-30 17:36:21,жен,школьник,16,положительное,Любые,Все
1560143647,2023-11-30 17:35:52,муж,школьник,16,положительное,Выставка,Выставка
1560136530,2023-11-30 17:28:44,жен,школьник,14,положительное,Не знаю ,"Что-то,что связано с творчеством и искусством"
1560134109,2023-11-30 17:26:16,жен,школьник,14,положительное,"Фестивали,вечерние дискотеки","Фестивали,вечерние дискотеки"
1560132685,2023-11-30 17:24:45,жен,школьник,15,положительное,Алексинский художественно-краеведческий музей,Фестиваль красок. В различных мероприятих МБУ Культурно-досугового центра города Алексин.
1560129932,2023-11-30 17:21:45,жен,школьник,16,положительное,Концерты,Общественное мероприятия
1560129565,2023-11-30 17:21:21,жен,студент,18,положительное,Не знаю ,Не знаю 
1560126744,2023-11-30 17:18:34,жен,школьник,14,положительное,Сплав по реке Оке. ,В сплаве по реке. 
1560106829,2023-11-30 16:58:16,жен,школьник,16,отрицательное,"Святые источники, Дикая мята",Ни в каких 
1560103686,2023-11-30 16:55:07,муж,школьник,15,положительное,Спортивный турнир по баскетболу,В абсолютно любых
1560102472,2023-11-30 16:53:52,жен,студент,16,положительное,"Экскурсии,праздники","Экскурсии,праздники,поездки в другие города(театры,музеи,места для/парки развлечений,)"
1560101723,2023-11-30 16:53:10,муж,школьник,15,положительное,Какие-то праздники там не знаю ,Пинбол 
1560095419,2023-11-30 16:47:07,муж,школьник,15,положительное,КВИЗ,КВИЗ
1560095393,2023-11-30 16:47:05,муж,школьник,15,положительное,"Квизы, концерты",Квизы
1560086738,2023-11-30 16:39:09,жен,студент,16,положительное,Конкурсы ,Спортивных 
1560085147,2023-11-30 16:37:42,жен,студент,19,положительное,КВН ,"Квест, фест"
1560079875,2023-11-30 16:32:43,муж,студент,18,положительное,Дискотеки,Пока что не в каких 
1560079323,2023-11-30 16:32:10,муж,студент,20,положительное,"Флешмобы, концерты ",Флешмоб
1560079247,2023-11-30 16:32:06,муж,студент,18,положительное,Дискотеки,Пока что не в каких
1560074999,2023-11-30 16:28:14,муж,школьник,15,положительное,Театральное выступление,В театральных мероприятиях
1560074277,2023-11-30 16:27:34,жен,студент,18,положительное,"устраивать почаще праздники, допустим день города. возможно открытие каких-то новых секций, фигурное катание. ",хз
1560072837,2023-11-30 16:26:16,муж,студент,16,положительное,Еженедельные дискотеки в Дом Культуры,Не знаю
1560070057,2023-11-30 16:23:40,жен,школьник,15,положительное,Кино,Во всех
1560056334,2023-11-30 16:11:07,муж,школьник,16,положительное,не знаю,танцы 
1560053748,2023-11-30 16:08:42,муж,студент,17,положительное,"Маскарад
",Маскарад
1560051865,2023-11-30 16:06:56,жен,студент,16,положительное,"В центре города, на площади , устраивать игры с детьми , викторины , выступления , танцы , для поднятия настроения , викторины и игры с детьми с мелкими подарками . Также выезды куда-то , тот же самый пейнтбол ","Пейнтбол , игры на развитие и активность, танцы и пение "
1560046223,2023-11-30 16:01:43,жен,школьник,15,положительное,Спортивные мероприятия ,В спортивных мероприятиях 
1560044877,2023-11-30 16:00:25,муж,школьник,15,положительное,Футбольные матчи,Футбольные матчи
1560044793,2023-11-30 16:00:20,жен,школьник,15,положительное,Дискотеки,Не знаю
1560024147,2023-11-30 15:42:07,жен,студент,16,положительное,"концерты, ярмарки ",ни в каких
1560022297,2023-11-30 15:40:39,жен,школьник,16,положительное,"музыкальные фестивали, серьёзные спектакли",в любых
1560019174,2023-11-30 15:38:05,муж,школьник,16,положительное,"Компьютерный клуб,спортивная площадка",Не в каких
1560017613,2023-11-30 15:36:48,жен,школьник,16,положительное,"Творческие, волонтерские ,танцевальные","Творческие, волонтерские, танцевальнве"
1560013959,2023-11-30 15:33:46,муж,студент,18,положительное,Дискатека,Лежать дома
1560003795,2023-11-30 15:25:09,жен,школьник,15,положительное,По больше экскурсий и туристических походов. ,Поход
1560003514,2023-11-30 15:24:54,муж,студент,16,положительное,Концерты ,Хоррор квест
1560000408,2023-11-30 15:22:15,жен,школьник,14,положительное,Различные форумы,Во всех которые будут
1559997467,2023-11-30 15:19:44,муж,студент,17,положительное,"ночные клубы, парк аттракционов,все ",не в каких 
1559992373,2023-11-30 15:15:18,муж,студент,17,положительное,"Музыкальные мероприятия, спортивные мероприятия ","Мероприятие связанное с искусством,музыкальное мероприятие "
1559988599,2023-11-30 15:12:10,жен,школьник,16,отрицательное,"Творческие , волонтерские ","Волонтерские , творческие "
1559986481,2023-11-30 15:10:22,жен,студент,17,положительное,Незнаю ,Не люблю мероприятия
1559985962,2023-11-30 15:09:56,жен,студент,16,положительное,Не знаю ,Не знаю
1559984729,2023-11-30 15:08:57,жен,школьник,16,положительное,Не знаю,Ни в каких
1559982995,2023-11-30 15:07:30,жен,школьник,16,отрицательное,Никаких,Никаких
1559982476,2023-11-30 15:07:04,муж,студент,16,положительное,Затрудняюсь в ответе ,Затрудняюсь в ответе 
1559969370,2023-11-30 14:55:29,жен,студент,17,положительное,Незнаю ,Незнаю 
1559965978,2023-11-30 14:52:22,муж,студент,15,отрицательное,Не какие,В не какие
1559965146,2023-11-30 14:51:36,муж,школьник,15,положительное,Концерт scali milano,Школа 
1559965108,2023-11-30 14:51:33,муж,студент,17,отрицательное,Без понятия ,Страйк бол
1559963781,2023-11-30 14:50:25,муж,студент,16,положительное,Танцы,Танцы
1559961045,2023-11-30 14:48:01,муж,студент,16,положительное,Не знаю,"Любом 
"
1559941306,2023-11-30 14:31:13,муж,школьник,16,положительное,It специальность,"Беспилотники, it"
1559937279,2023-11-30 14:27:51,жен,школьник,16,положительное,концерты,концерты
1559936363,2023-11-30 14:27:04,жен,студент,17,положительное,"развлекательные ,по сближению народа, дискотеки, квизы,спортивные мероприятия ",во всех
1559935962,2023-11-30 14:26:43,муж,студент,16,положительное,. ,. 
1559929804,2023-11-30 14:21:24,муж,студент,16,положительное,спортивные мероприятия ,в спортивных 
1559924957,2023-11-30 14:17:18,муж,студент,17,положительное,День города ,Спортивно увлекательное 
1559923996,2023-11-30 14:16:25,муж,студент,16,положительное,Амт патриот ,Амт патриот. 
1559922273,2023-11-30 14:14:58,жен,студент,17,отрицательное,Не знаю ,Спортивное 
1559921632,2023-11-30 14:14:22,муж,студент,16,отрицательное,"Концерты, выступления",Нигде
1559920842,2023-11-30 14:13:39,муж,студент,18,положительное,..., ....
1559919848,2023-11-30 14:12:47,муж,студент,18,положительное,... ,... 
1559918005,2023-11-30 14:11:11,муж,студент,17,положительное,Футбол,Футбол
1559914515,2023-11-30 14:08:10,муж,школьник,15,положительное,Все,Все
1559913674,2023-11-30 14:07:29,муж,студент,17,положительное,-,-
1559912661,2023-11-30 14:06:33,муж,студент,17,положительное,Концерты,-
1559911038,2023-11-30 14:05:11,жен,студент,17,положительное,Спортивные ,Экстремальных
1559909532,2023-11-30 14:03:46,муж,студент,19,отрицательное,Не знаю ,Не в каких
1559907671,2023-11-30 14:02:11,жен,студент,25,отрицательное,Не знаю ,В никаких
1559904187,2023-11-30 13:59:19,муж,студент,16,положительное,Незнаю ,СВО
1559903937,2023-11-30 13:59:07,жен,студент,18,положительное,День города,В спортивных и развлекательных 
1559903133,2023-11-30 13:58:27,муж,студент,17,положительное,…,…
1559901317,2023-11-30 13:56:56,жен,студент,18,положительное,День города ,"В спортивных, развлекательных"
1559901015,2023-11-30 13:56:39,муж,школьник,15,положительное,"Концерты, поход в кино, музеии","Концерты, музеии "
1559899915,2023-11-30 13:55:41,муж,студент,16,положительное,"спортивные, интеллектуальные",спортивные 
1559897438,2023-11-30 13:53:34,муж,студент,20,отрицательное,Не знаю,Не зеаю
1559895296,2023-11-30 13:51:53,жен,школьник,17,положительное,"дискотека нормальная, мастерклассы и тренинги ",во всех 
1559894150,2023-11-30 13:50:57,муж,студент,18,положительное,"Спорт
","Городских, спортивных"
1559893747,2023-11-30 13:50:39,жен,школьник,15,положительное,. ,. 
1559888502,2023-11-30 13:46:10,муж,студент,18,положительное,Не знаю,Никаких
1559887970,2023-11-30 13:45:44,муж,студент,17,положительное,Некакие,Некакие
1559887202,2023-11-30 13:45:04,муж,студент,18,положительное,"Музыкальные и музейные
","По настроению
"
1559886528,2023-11-30 13:44:26,муж,студент,15,отрицательное,Не знаю ,В спортивных 
1559883634,2023-11-30 13:41:58,жен,школьник,17,положительное,Не знаю ,Не знаю 
1559880611,2023-11-30 13:39:22,муж,школьник,16,отрицательное,Концерты ,Выставке 
1559880207,2023-11-30 13:39:02,муж,школьник,16,положительное,оор,нм
1559879846,2023-11-30 13:38:44,муж,студент,18,положительное,Не знаю,Не участвовал 
1559878990,2023-11-30 13:38:00,жен,школьник,16,положительное,кино,не знаю 
1559878824,2023-11-30 13:37:52,муж,студент,17,положительное,концерты артистов,концерты
1559878368,2023-11-30 13:37:28,жен,студент,17,положительное,"экскурсии по городу, культурные мероприятия.",во всех.
1559877791,2023-11-30 13:37:00,муж,студент,15,положительное,Уброка  снега ,Уборка снега
1559877311,2023-11-30 13:36:36,жен,студент,16,положительное,Кто больше съест  пиццу ,Кто больше съест пиццу
1559874480,2023-11-30 13:34:13,жен,студент,19,положительное,Airsoft,Airsoft
1559874401,2023-11-30 13:34:09,жен,студент,19,положительное,Дискотеки,Дискотека
1559873916,2023-11-30 13:33:45,жен,школьник,15,положительное,Экскурсии по необычным местам города,Экскурсия в необычные места города 
1559873883,2023-11-30 13:33:43,муж,школьник,16,положительное,Автодром,Автодром
1559873740,2023-11-30 13:33:36,муж,студент,18,положительное,"Альпинизм, туризм и т.д.",Во всех
1559873173,2023-11-30 13:33:09,муж,студент,18,положительное,"рассказ об отношении к людям другой расы, национальности, стиля и образа",в которых я вижу непосредственный интерес и полезным для нашего поколения 
1559871934,2023-11-30 13:32:06,муж,студент,20,положительное,Airsoft ,Airsoft 
1559871427,2023-11-30 13:31:39,жен,школьник,15,положительное,"Концерты ,выставки ,спортивные соревнования ",Во всех
1559870423,2023-11-30 13:30:44,муж,студент,16,положительное,Танцы,Танцы 
1559867021,2023-11-30 13:27:38,муж,студент,18,положительное,Не знаю,"Не знаю
"
1559866640,2023-11-30 13:27:19,жен,школьник,15,отрицательное,Спортивные,Спортивные
1559865127,2023-11-30 13:26:04,муж,студент,19,положительное,Да ,Да 
1559864703,2023-11-30 13:25:42,муж,студент,18,положительное,музей,музей
1559864222,2023-11-30 13:25:17,жен,школьник,15,положительное,Развлекательные,Отдых 
1559863964,2023-11-30 13:25:05,жен,студент,19,отрицательное,да никакой,ни в каких
1559863850,2023-11-30 13:24:58,муж,студент,19,положительное,Не знаю,Не в каких
1559863765,2023-11-30 13:24:53,муж,студент,17,отрицательное,"Ночные клубы
",Не в каких
1559863226,2023-11-30 13:24:26,муж,студент,18,положительное,сделать картинг ,не желаю 
1559863122,2023-11-30 13:24:21,муж,студент,17,положительное,Любые веселые и дружные ,"Квиз, спортивные, патриотические "
1559862929,2023-11-30 13:24:13,муж,студент,18,положительное,.,.
1559862524,2023-11-30 13:23:53,жен,студент,18,положительное,…,…
1559862031,2023-11-30 13:23:27,муж,студент,19,положительное,Хорошо ,Хорошо 
1559861552,2023-11-30 13:23:02,жен,студент,21,положительное,"..
",...
1559861101,2023-11-30 13:22:38,муж,студент,18,положительное,Концерты ,В концертах
1559860296,2023-11-30 13:21:54,жен,студент,18,отрицательное,.. ,... 
1559855967,2023-11-30 13:18:17,жен,школьник,17,положительное,"Детские, спортивные, общеразвивающие","Спортивные мероприятия, обустройство парков, участие в спектаклях, детские мероприятия. "
1559851239,2023-11-30 13:14:07,жен,студент,17,положительное,"Квесты, выставки современные",В квестах 
1559807919,2023-11-30 12:36:07,муж,школьник,17,положительное,Любоое,Любое
1559807908,2023-11-30 12:36:07,муж,школьник,17,отрицательное,Концерты,В концерте 
1559807679,2023-11-30 12:35:56,муж,школьник,17,положительное,"Экскурсии, концерты",В экскурсии
1559807674,2023-11-30 12:35:55,жен,школьник,17,положительное,"Концерты, экскурсии, театры",Экскурсии 
1559807255,2023-11-30 12:35:37,жен,школьник,17,положительное,"Экскурсии, концерты, театр ",В театре 
1559806947,2023-11-30 12:35:23,жен,школьник,17,положительное,Концерты,Концерты
1559806931,2023-11-30 12:35:22,жен,школьник,17,положительное,Не знаю,Не знаю
1559806872,2023-11-30 12:35:20,муж,школьник,17,положительное,поесть,во всех с едой
1559806538,2023-11-30 12:35:05,жен,школьник,17,положительное,Туризм ,Туризм 
1559806172,2023-11-30 12:34:49,муж,школьник,17,положительное,Туризм,Туризм
1559804527,2023-11-30 12:33:29,муж,студент,16,положительное,Фестиваль красок,Фестиваль красок 
1559804347,2023-11-30 12:33:21,муж,студент,16,положительное,Любые,Любые 
1559802252,2023-11-30 12:31:39,муж,студент,16,отрицательное,машины на прокат,не интересует
1559801449,2023-11-30 12:30:59,жен,студент,16,положительное,"побольше кафе, развоекателеый центров, машины на прокат",в гонках
1559798980,2023-11-30 12:29:01,жен,студент,16,положительное,"Концерт музыкальный, фестиваль",Не знаю
1559798237,2023-11-30 12:28:26,муж,студент,17,положительное,Мастер класс,Мастер класс
1559798149,2023-11-30 12:28:22,муж,студент,17,положительное,Любые,Во всех
1559797363,2023-11-30 12:27:46,муж,студент,19,положительное,Хз,Вписках
1559796624,2023-11-30 12:27:12,жен,школьник,15,положительное,...,....
1559796614,2023-11-30 12:27:11,жен,студент,20,положительное,Праздники или события характерные для города. ,╮(─▽ ─)╭
1559796067,2023-11-30 12:26:48,жен,студент,21,положительное,"Танцы, фестиваль красок ",Пионер бол
1559795752,2023-11-30 12:26:34,жен,студент,19,положительное,"музеи, исторические памятники, концерты",предпочитаю сидеть дома 
1559795229,2023-11-30 12:26:10,жен,студент,17,положительное,Незнаю,Концерты 
1559795167,2023-11-30 12:26:07,жен,студент,17,положительное,Концерты популярных людей ,Выступление 
1559794435,2023-11-30 12:25:31,муж,студент,18,положительное,Хз,Некокие
1559794095,2023-11-30 12:25:16,жен,студент,17,отрицательное,Концерты артистов ,Никаких
1559794046,2023-11-30 12:25:14,муж,студент,16,положительное,-,-
1559792595,2023-11-30 12:24:02,жен,студент,16,положительное,-,-
1559792381,2023-11-30 12:23:50,муж,студент,16,положительное,Андеграунд ,Качалка 
1559792223,2023-11-30 12:23:43,муж,студент,17,положительное,"Бары, клубы, ТЦ, кинотеатры, магазины одежды, развлечение, сауны",Кто больше сьест
1559791718,2023-11-30 12:23:18,муж,студент,16,положительное,Андеграунд,"Паркур
"
1559790769,2023-11-30 12:22:30,жен,студент,20,отрицательное,Не могу ответить на этот вопрос,Ни в каких
1559790390,2023-11-30 12:22:10,жен,студент,19,отрицательное,Не могу ответить на этот вопрос ,Не в каких 
1559790198,2023-11-30 12:22:02,муж,студент,15,положительное,Турниры по видеоиграм,Турнир по видеоиграм
1559790070,2023-11-30 12:21:56,муж,студент,16,положительное,Андеграунд,"Паркур 
"
1559789462,2023-11-30 12:21:25,муж,студент,17,положительное,Экскурсии,Турнир по Standoff 2
1559789062,2023-11-30 12:21:02,муж,студент,16,положительное,Киберспорт турниры по играм,В турнире по  Counter-Strike2 
1559788881,2023-11-30 12:20:54,жен,студент,16,положительное,-,-
1559788862,2023-11-30 12:20:53,муж,студент,20,положительное,Концерты,Концерты
1559788825,2023-11-30 12:20:51,муж,студент,17,положительное,Икскурсии ,Волейбол и во всех
1559788420,2023-11-30 12:20:30,муж,школьник,16,положительное,Турнир по Standoff 2! ,Турнир по Standoff 2! 
1559787317,2023-11-30 12:19:29,муж,студент,17,положительное,Икскурсии ,Во всех 
1559785027,2023-11-30 12:17:26,жен,студент,18,отрицательное,Концерты,Концерты
1559782133,2023-11-30 12:14:55,муж,студент,19,положительное,Дискотеки ,Скалолазание 
1559779140,2023-11-30 12:12:24,жен,школьник,15,положительное,"Посещение ""бугров"" ",Посещение музея 
1559778352,2023-11-30 12:11:47,жен,студент,25,положительное,"Проведение различных квизов, конкурсов и праздников",Во всех
1559775772,2023-11-30 12:09:43,жен,школьник,15,положительное,хз,хз
1559774879,2023-11-30 12:08:59,жен,школьник,16,положительное,Концерты,Концерты
1559774584,2023-11-30 12:08:43,муж,студент,20,положительное,Концерты,Спортивное
1559773745,2023-11-30 12:08:02,жен,студент,18,положительное,Экскурсии ,Любое 
1559772504,2023-11-30 12:07:00,жен,студент,18,отрицательное,Дрифт ,Дрифт 
1559772341,2023-11-30 12:06:53,жен,студент,22,положительное,"Фестивали, концерты, выставки, спортивные соревнования",Концерты
1559772257,2023-11-30 12:06:49,муж,студент,19,положительное,.,.
1559770999,2023-11-30 12:05:46,жен,студент,19,положительное,Никакие ,Никаких 
1560030059,2023-11-30 15:47:05,муж,студент,20,положительное,.,.
1559770120,2023-11-30 12:05:05,муж,студент,18,положительное,Квесты мастерклассы,Квесты мастерклассы
1559769276,2023-11-30 12:04:23,муж,школьник,16,положительное,Экскурсия ,АМТ ПОТРЕОТ 
1559768648,2023-11-30 12:03:53,жен,студент,17,положительное,Хз,Какие-нибудь
1559765140,2023-11-30 12:00:59,жен,студент,18,положительное,Не знаю ,Не знаю 
1559759141,2023-11-30 11:56:16,муж,школьник,15,положительное,"Музеи,выстовки ","Музеи, выставки "
1559757567,2023-11-30 11:55:01,муж,школьник,15,положительное,музей,музей
1559755473,2023-11-30 11:53:27,жен,школьник,14,отрицательное,"Цирк, кинотеатр, театр","Кинотеатр, театр"
1559755462,2023-11-30 11:53:27,жен,школьник,15,положительное,"современные выставки
театральные постановки 
","музейные квесты 
"
1559755052,2023-11-30 11:53:08,жен,школьник,15,положительное,"Поездка по городу 
Квесты",Квесты
1559751423,2023-11-30 11:50:24,муж,школьник,15,положительное,Концерты собрания с развлечениями,Спортивном 
1559749503,2023-11-30 11:48:54,муж,школьник,15,положительное,"новогодняя большая городская  ярмарка,празднование ",выше перечисленное 
1559749356,2023-11-30 11:48:46,жен,школьник,15,положительное,"День города, дискотеки для молодёжи",Дискотеке для молодёжи
1559749227,2023-11-30 11:48:41,жен,школьник,15,положительное,"дискотеки для молодёжи, как летом на газоне , но только песни получше ",в мероприятиях для молодёжи 
1559748996,2023-11-30 11:48:31,муж,школьник,15,положительное,Спортивно-развлекательное мероприятие,Спортивно-развлекательное мероприятие 
1559748795,2023-11-30 11:48:22,жен,школьник,15,положительное,"день города, масленица,день смородины",день смородины
1559748669,2023-11-30 11:48:16,жен,школьник,15,положительное,Походы,В походах соревнования по варкуауту
1559748521,2023-11-30 11:48:08,жен,студент,19,положительное,"концерты, выставки, соревнования ",выставки 
1559748418,2023-11-30 11:48:04,муж,школьник,15,положительное,Не знаю ,Соревнования по воркауту
1559748061,2023-11-30 11:47:46,жен,школьник,15,положительное,"День города, масленица, новый год, день России",День России
1559747976,2023-11-30 11:47:42,муж,школьник,15,положительное,Концерты,Концеры
1559747902,2023-11-30 11:47:39,жен,школьник,15,положительное,Масленница,В Масленице 
1559747807,2023-11-30 11:47:34,муж,школьник,15,положительное,Концерты,Концерты 
1559747417,2023-11-30 11:47:17,муж,школьник,15,положительное,Концерты лук енд ми ,Ни в каких 
1559747292,2023-11-30 11:47:12,жен,школьник,15,положительное,"В прятки поиграть, в казаки-разбойники! ","концерты, выступление певцов"
1559747286,2023-11-30 11:47:12,жен,школьник,15,положительное,дискотеки,в дискотеках
1559746873,2023-11-30 11:46:51,муж,школьник,15,положительное,"Музеи, выставки, ","Музеи,выставки"
1559746638,2023-11-30 11:46:41,жен,студент,19,отрицательное,Выставки ,Выставки 
1559746229,2023-11-30 11:46:22,муж,школьник,15,положительное,Кино,Кино
1559746171,2023-11-30 11:46:19,муж,школьник,15,положительное,Кино,Кино
1559746161,2023-11-30 11:46:19,муж,школьник,17,положительное,концерты,. 
1559746080,2023-11-30 11:46:16,муж,школьник,16,положительное,Концерты от знаменитостей ,"Концерты от знаменитостей 
"
1559746054,2023-11-30 11:46:14,жен,школьник,15,положительное,дискатека,дискотека 
1559745726,2023-11-30 11:45:59,муж,школьник,15,положительное,кино,кино
1559745282,2023-11-30 11:45:37,муж,студент,19,положительное,Кино,Кино
1559745076,2023-11-30 11:45:28,муж,школьник,15,положительное,Не знаю ,Не знаю 
1559744979,2023-11-30 11:45:23,жен,школьник,15,положительное,не знаю ,ни в каких 
1559744742,2023-11-30 11:45:13,жен,школьник,15,отрицательное,. ,. 
1559744559,2023-11-30 11:45:04,жен,школьник,15,положительное,"концерты, спортивные мероприятия ",в любых 
1559744365,2023-11-30 11:44:54,жен,школьник,15,положительное,Дискотека,Дискотека 
1559742135,2023-11-30 11:43:08,муж,школьник,17,положительное,"В культурных мероприятиях,направленных на развитие лидерских качеств у подростков ",В любых
1559742125,2023-11-30 11:43:08,муж,школьник,17,отрицательное,Футбол ,Футбол 
1559742121,2023-11-30 11:43:07,жен,школьник,15,положительное,Исторические ,Инсценировка битвы
1559742095,2023-11-30 11:43:07,муж,школьник,15,положительное,Поход в музей жалко ,Квест по городу. Инсценировка битвы 
1559742060,2023-11-30 11:43:05,жен,школьник,15,положительное,"Экскурсия в парк ""Жалка"". Квест по городу ",Квест 
1559741912,2023-11-30 11:42:58,жен,школьник,15,положительное,"Экскурсия в Жалко, историческая, сосновый бор ","Квест по городу, инсценировка битвы "
1559741839,2023-11-30 11:42:55,жен,школьник,15,положительное,"музей жалка,эсторическая экскурссия,сосновый бор","Квест по городу,инценировка битвы "
1559741792,2023-11-30 11:42:54,жен,школьник,17,положительное,Любые,Во всех
1559741763,2023-11-30 11:42:53,муж,школьник,15,положительное,"Эксурсия в жалку, сосновый бор",Квест по городу
1559741683,2023-11-30 11:42:49,жен,школьник,15,положительное,"Экскурсии в Жалку и исторические экскурсии,Бор","Квест по городу,инсценировка битвы "
1559741672,2023-11-30 11:42:49,жен,школьник,15,положительное,"Экскурсия в Жалко , экскурсия историческая ","Квест по городу , инстенеровку битвы "
1559741634,2023-11-30 11:42:47,жен,школьник,15,положительное,"экскурсия в ""жалко"",  в сосновый бор ","квест по городу, инстинеровка битвы"
1559741625,2023-11-30 11:42:46,муж,школьник,15,положительное,"экскурсия, историческая экскурсия ","квест по городу, инсценировка битвы"
1559741613,2023-11-30 11:42:46,муж,школьник,15,положительное,Экскурсия в краивеческом музее,Квест по городу
1559741407,2023-11-30 11:42:36,жен,школьник,17,положительное,"Мне кажется, что молодым жиьелям и гостям Алексина было бы интересно посетить какие-либо концерты.","Я бы с радостью приняла участие во многих мероприятиях, особенно концертах."
1559741395,2023-11-30 11:42:36,муж,школьник,15,положительное,"Экскурсия в парк ""Жалка""",Квест по городу
1559741374,2023-11-30 11:42:35,муж,школьник,15,отрицательное,"Экскурсия в жалку,экскурсия историческая на бугры","Экскурсия в сосновый бор,квест по гору "
1559741355,2023-11-30 11:42:35,жен,школьник,15,положительное,"музей ""Жалко""",квест по городу 
1559741052,2023-11-30 11:42:21,жен,школьник,15,положительное,Не знаю,Не знаю 
1559741028,2023-11-30 11:42:20,муж,школьник,15,положительное,Горячие источники ,Воркаут 
1559741026,2023-11-30 11:42:20,жен,школьник,15,положительное,"По моему мнению, молодым жителям города будут интересны такие мероприятия, как фестиваль красок",Я бы приняла участие в книжной ярмарке 
1559740931,2023-11-30 11:42:16,муж,школьник,15,отрицательное,Концерт ,Концерт
1559740783,2023-11-30 11:42:09,жен,школьник,15,положительное,По моему мнению фестиваль красок будет интересен молодым жителям города и гостям,"Фестиваль красок, книжная ярмарка"
1559740606,2023-11-30 11:42:02,жен,школьник,17,положительное,"Я считаю,что молодым жителям и гостям города будут интересны такие мероприятия как: концерты и игры.",я бы сходила на концерт. 
1559740299,2023-11-30 11:41:49,муж,школьник,16,отрицательное,-,-
1559740144,2023-11-30 11:41:42,жен,школьник,17,положительное,"Концерты, бесплатные мастер-классы, бесплатные ярмарки с едой ","В концертах, в спортивных мероприятиях "
1559740142,2023-11-30 11:41:42,муж,школьник,15,положительное,хз,хз
1559740106,2023-11-30 11:41:41,жен,школьник,15,положительное,"Хз, честно не знаю","Смотря какие ""кто из вас пернул,скажите, тогда почему тут так воняет псц"""
1559739916,2023-11-30 11:41:32,муж,школьник,14,отрицательное,Скейт парк,Уборка территории 
1559739537,2023-11-30 11:41:15,жен,школьник,17,положительное,Концерт,Концерт 
1559739517,2023-11-30 11:41:14,жен,школьник,15,положительное,отличные ,"""вот такие пироги"" как по мне превосходное мероприятие! на нем можно было бы соревноваться в реальном времени у кого вкуснее пирог."
1559739492,2023-11-30 11:41:13,жен,школьник,15,положительное,не знаю,ни в каких
1559739433,2023-11-30 11:41:10,жен,школьник,17,положительное,Концерты ,Без понятия 
1559739409,2023-11-30 11:41:09,жен,школьник,15,положительное,"По-моему мнению, фестиваль красок будет интересен жителям нашего города ",Не в каких 
1559739241,2023-11-30 11:41:02,жен,школьник,17,положительное,"концерты, бесплатные мастер-классы",в никаких
1559739197,2023-11-30 11:41:00,муж,школьник,15,положительное,Не знаю,Никаких
1559739191,2023-11-30 11:41:00,муж,школьник,15,положительное,не знаю,никаких
1559739097,2023-11-30 11:40:56,жен,школьник,16,отрицательное,Походы,Походы
1559738998,2023-11-30 11:40:51,жен,школьник,17,положительное,думаю походы,походы
1559738847,2023-11-30 11:40:44,жен,школьник,17,положительное,концерты ,концерты 
1559738673,2023-11-30 11:40:36,муж,школьник,17,положительное,Концерты,Концерты
1559737269,2023-11-30 11:39:34,жен,студент,17,положительное,"никакие, у нас ничего нет, показать нечего",ни в каких
1559737110,2023-11-30 11:39:27,жен,школьник,14,положительное,Бесплатная еда на улицах за задания ,Бесплатная еда на улицах за задания 
1559737023,2023-11-30 11:39:23,муж,школьник,15,положительное,Не знаю,ни в каких
1559736223,2023-11-30 11:38:46,жен,студент,19,положительное,Какие-нибудь фестивали,Пока не знаю 
1559734910,2023-11-30 11:37:50,жен,студент,18,положительное,Гулять ,Танцы
1559734697,2023-11-30 11:37:40,муж,школьник,14,положительное,хз,хз
1559733401,2023-11-30 11:36:39,жен,студент,18,положительное,Концерт Мазеллова,Ни в каких
1559730899,2023-11-30 11:34:49,муж,студент,16,положительное,Цырк,Спорт
1559730708,2023-11-30 11:34:41,муж,школьник,15,положительное,развлекательный-интерактивные ,интересные 
1559729887,2023-11-30 11:34:04,жен,школьник,15,положительное,Выставки,Поход в музей на выставку 
1559729150,2023-11-30 11:33:27,муж,студент,19,положительное,Экскурсии и мастерклассы,Мастерклассах 
1559728971,2023-11-30 11:33:19,жен,школьник,15,положительное,"Экскурсия по городу, история города, инсталляция битвы. ",Квест по городу. 
1559727560,2023-11-30 11:32:12,жен,студент,17,отрицательное,Концерты,Волонтëр
1559723562,2023-11-30 11:29:00,муж,студент,17,положительное,.,.
1559717586,2023-11-30 11:24:17,муж,студент,18,положительное,Не знаю ,Ни в каких 
1559717215,2023-11-30 11:23:58,муж,студент,18,положительное,"Без понятия, если честно ",Ни в каких 
1559715959,2023-11-30 11:22:54,муж,студент,16,положительное,Игровые(телефон) ,Спорт
1559714269,2023-11-30 11:21:28,муж,студент,17,положительное,Игровые (тоесть на телефонах),Рисование
1559848659,2023-11-30 13:11:50,муж,школьник,16,положительное,Не знаю ,В любых просветительских форумах 
1559845212,2023-11-30 13:08:49,муж,студент,17,положительное,Экскурсия,"Экскурсия
"
1559844762,2023-11-30 13:08:27,муж,студент,18,положительное,Не знаю ,Теннис 
1559841712,2023-11-30 13:05:37,муж,студент,17,положительное,дк,не знаю
1559841647,2023-11-30 13:05:33,муж,студент,17,отрицательное,Не знаю,Волейбол 
1559841205,2023-11-30 13:05:09,муж,студент,17,отрицательное,не знаю ,в футболе 
1559840992,2023-11-30 13:04:58,жен,школьник,15,положительное,"Молодежь скорее всего заинтересую мероприятия , связанные с современным искусством , какие либо выставки , концерты .",Мероприятия связанные с спортом и творческими походом к какому либо делу 
1559836810,2023-11-30 13:01:13,муж,школьник,16,положительное,Любые,Все
1559835926,2023-11-30 13:00:28,жен,школьник,17,положительное,.,.
1559835712,2023-11-30 13:00:15,жен,школьник,16,положительное,"Квест, квиз, соревнования ",В соревнованиях на природе
1559834991,2023-11-30 12:59:37,жен,школьник,17,положительное,Концерты ,Никаких
1559834452,2023-11-30 12:59:10,муж,студент,19,положительное,Незнаю,Незнаю
1559833565,2023-11-30 12:58:24,жен,школьник,16,положительное,Квест игра,Квест игра
1559833337,2023-11-30 12:58:12,жен,школьник,16,положительное,"Организованные походы, дискотеки",в любых
1559832698,2023-11-30 12:57:40,жен,школьник,16,положительное,"Тур по городу, концерты, викторины, квизы","Тур по городу, концерты, викторины, квизы"
1559832394,2023-11-30 12:57:24,муж,студент,19,положительное,Туризм ,Спорт
1559831841,2023-11-30 12:56:55,жен,школьник,16,положительное,"Квиз , экскурсии ",Квест квиз 
1559831654,2023-11-30 12:56:46,муж,школьник,16,положительное,Концерты ,Квест
1559831371,2023-11-30 12:56:30,жен,школьник,16,положительное,квесты ,квиз
1559831100,2023-11-30 12:56:16,муж,школьник,16,положительное,Мастер классы,Мастер класс
1559830892,2023-11-30 12:56:05,жен,школьник,16,положительное,"Тур по городу, рассказ о достопримечательностях","Тур по городу, рассказ л о достопримечательностях"
1559830094,2023-11-30 12:55:20,жен,школьник,17,положительное,"Концерты, выступление театральной трупы, организация различных мероприятий для молодёжи",Направленных на получение знаний полезных в жизни по типу (предпринимательства
1559829158,2023-11-30 12:54:31,жен,школьник,17,положительное,"Экскурсии, посещение музеев, парков развлечений, загородных мероприятий","Экскурсии, мероприятия по посещению культурных и развлекательных центров"
1559828532,2023-11-30 12:53:59,муж,школьник,17,положительное,Никакие ,Не знаю 
1559827908,2023-11-30 12:53:26,жен,студент,26,положительное,Экскурсии ,Спорт
1559827704,2023-11-30 12:53:16,муж,школьник,17,положительное,Культурный досуг,бебебебебебеб
1559827526,2023-11-30 12:53:07,муж,школьник,17,положительное,Различные мероприятия культурно-досуговый направленности,В различных мероприятия культурно-досуговоый направленности
1559827147,2023-11-30 12:52:46,муж,студент,16,положительное,Квиз,не в каких
1559827114,2023-11-30 12:52:45,муж,студент,16,положительное,Соответствие по волейболу ,Волейбол 
1559826300,2023-11-30 12:52:00,муж,школьник,17,положительное,Никаких,Никаких
1559824061,2023-11-30 12:50:02,жен,студент,18,положительное,Какие-нибудь шоу или концерты ,Какие-нибудь шоу или концерты 
1559820598,2023-11-30 12:47:06,муж,студент,17,положительное,Музыкальные фестивали ,Гастрономические туры
1559818845,2023-11-30 12:45:30,муж,студент,20,положительное,"Экскурсии
",Экскурсии 
1559812904,2023-11-30 12:40:14,жен,студент,16,положительное,Подвижные игры,В игровых мероприятиях
1559812266,2023-11-30 12:39:42,жен,студент,23,положительное,"Фестивали, концерты , танцы ",Не интересует 
1559810789,2023-11-30 12:38:30,муж,школьник,17,положительное,Незнаю,В любых
1559810672,2023-11-30 12:38:24,жен,студент,17,положительное,"фестивали,  спектакли, концерты, развлекательные программы ","фестивали,  спектакли, концерты, развлекательные программы "
1559810112,2023-11-30 12:37:57,жен,школьник,17,положительное,концерты певцов,дикая мята
1559809395,2023-11-30 12:37:21,жен,студент,23,положительное,"Экскурсия по достопримечательностям,музыка в центре города для настроения гостей и жителей , ярмарка ,увлекательное шоу ",В ярмарке 
1559808623,2023-11-30 12:36:42,муж,школьник,18,положительное,"Многие, перечислить долго",Никакие
1559808617,2023-11-30 12:36:42,муж,школьник,17,отрицательное,Не знаю,Митинг против географички
1559808406,2023-11-30 12:36:30,жен,школьник,17,положительное,Музеи,Ни в каких
1559713986,2023-11-30 11:21:14,жен,школьник,15,положительное,Концерты ,"Дискотеки, концерты "
1559712257,2023-11-30 11:19:54,жен,студент,19,положительное,Не знаю,Не знаю
1559712245,2023-11-30 11:19:54,жен,школьник,15,положительное,Дискотеки ,во всех 
1559711285,2023-11-30 11:19:08,жен,школьник,15,положительное,Поход,В плходе
1559710388,2023-11-30 11:18:23,муж,студент,16,отрицательное,Бугры,В доте
1559708365,2023-11-30 11:16:44,жен,студент,19,отрицательное,"Наверное такие, которые было бы любопытно",В таких которые участвовали мои друзья) 
1559707547,2023-11-30 11:16:04,жен,студент,17,положительное,"Проведите выставку поделок или хобби
Устройте БОЛЬШУЮ гаражную распродажу
Провести вечер викторин",Я бы поучатвовала в вечере викторин 
1559706700,2023-11-30 11:15:23,муж,студент,25,положительное,"Туристические походы,  концерты, спортивные мероприятия,.","Туристические походы, спортивные мероприятия "
1559706347,2023-11-30 11:15:07,муж,студент,18,положительное,"Ярмарки, концерты, развлекательные программы ",Во всех к которым отношусь с интересом
1559705040,2023-11-30 11:14:06,жен,студент,17,положительное,Спорт рисование ,В спортивном
1559704648,2023-11-30 11:13:47,муж,студент,23,отрицательное,Фестивали,Потусил бы на фестивале
1559703573,2023-11-30 11:12:49,жен,школьник,17,положительное,Концерты,Концерт театры 
1559702485,2023-11-30 11:11:54,жен,студент,18,положительное,Ночь в музеи,Ночь в музеи
1559669696,2023-11-30 10:45:52,муж,студент,16,положительное,Активные ,Спортивные 
1559669682,2023-11-30 10:45:51,муж,студент,16,положительное,Активные ,Активные 
1559669572,2023-11-30 10:45:46,муж,студент,17,положительное,Спортивные,Мотокрос
1559668773,2023-11-30 10:45:09,муж,студент,15,положительное,Киберспорт,Киберспорт
1559668591,2023-11-30 10:45:00,муж,студент,16,положительное,"Спортивные увеличения, музеи культуры, кинотеатры",Спорт
1559668499,2023-11-30 10:44:55,муж,студент,18,положительное,Нравится,Нравитчя
1559668430,2023-11-30 10:44:52,муж,студент,18,положительное,Да,Не в каких
1559668344,2023-11-30 10:44:48,муж,студент,17,положительное,Спортивные ,Спортивные 
1559668038,2023-11-30 10:44:34,муж,студент,16,положительное,Хз,В марафоне по апарке
1559667314,2023-11-30 10:44:03,жен,студент,16,положительное,Культурные,Культурные 
1559667041,2023-11-30 10:43:52,муж,студент,16,положительное,Кемпинг,Кемпинг
1559666880,2023-11-30 10:43:45,муж,студент,21,положительное,"Концерты популярных групп, молодежные центры для развития хобби, увлечений, центр для спортивного развития ",Во всех вышеперечисленных 
1559666273,2023-11-30 10:43:17,жен,студент,19,положительное,Что-то для интересов молодёжи,В спортивных 
1559665716,2023-11-30 10:42:55,муж,студент,18,положительное,Экскурсия ,Спортивное 
1559664748,2023-11-30 10:42:10,жен,студент,16,положительное,хз,хз
1559663426,2023-11-30 10:41:03,муж,студент,16,положительное,Отправлять музей,Не каких
1559663149,2023-11-30 10:40:49,муж,студент,18,положительное,История города ,Спортивные. Скейтбординг 
1559662957,2023-11-30 10:40:39,муж,школьник,17,положительное,"Ярмарки, молодёжные пространства ",Во всех мероприятиях мне бы хотелось поучаствовать 
1559662733,2023-11-30 10:40:29,муж,студент,16,положительное,Патриотичеси,День города
1559662705,2023-11-30 10:40:27,жен,студент,18,отрицательное,спортивные ,спортивные
1559662686,2023-11-30 10:40:27,жен,студент,18,положительное,"Концерты, ярмарки, выставки",кпоп ярмарки 
1559662146,2023-11-30 10:40:00,жен,студент,18,положительное,День студента,День студента 
1559661911,2023-11-30 10:39:49,жен,студент,18,положительное,"дискотека, концерт, экскурсия ",экскурсия 
1559661834,2023-11-30 10:39:46,муж,студент,16,положительное,Молодёжные концерты,"В патриотических,"
1559661734,2023-11-30 10:39:42,жен,студент,18,отрицательное,Концерты артистов,Выступаю в стенах техникума
1559661733,2023-11-30 10:39:42,муж,студент,17,положительное,соревнования по компьютерным играм ,буткемп по PUBGM
1559661725,2023-11-30 10:39:42,жен,студент,18,положительное,"Различные волонтерские организации, концерты",Во всех в которые предложат
1559661660,2023-11-30 10:39:38,муж,студент,16,положительное,Патриотически ,День города
1559661599,2023-11-30 10:39:33,муж,студент,16,положительное,Молодежные концерты ,В патриотических 
1559661576,2023-11-30 10:39:32,муж,студент,18,положительное,Музей театр дом культуры ,Во всех
1559661569,2023-11-30 10:39:32,муж,студент,16,положительное, Незнаю ,Буткемп по PUBGM
1559661552,2023-11-30 10:39:31,муж,студент,19,положительное,"Отдых в частном секторе, дикая мята",Дикая мята
1559661411,2023-11-30 10:39:24,жен,студент,18,положительное,"Дискотека, Концерт, Экскурсия ",Концерт 
1559661020,2023-11-30 10:39:04,муж,студент,18,положительное,Музеи по исследованию края,Исторические реконструкции 
1559660709,2023-11-30 10:38:49,муж,студент,19,положительное,-,-
1559659537,2023-11-30 10:37:53,муж,студент,19,отрицательное,Концерты ,В концертах 
1559659528,2023-11-30 10:37:53,жен,студент,15,положительное,"дискотека,клуб",квиз
1559659169,2023-11-30 10:37:36,муж,студент,18,отрицательное,Майнкрафт фестиваль,"Фестиваль майнкрафт, типа ксго, лазертаг"
1559658540,2023-11-30 10:37:05,жен,студент,18,положительное,"Концерты, лыжи, катки","Концерты , лыжи, катки,образовательные программы "
1559658323,2023-11-30 10:36:53,жен,студент,18,положительное,Прогулки и мероприятия на свежем воздухе ,Пока не каких 
1559658123,2023-11-30 10:36:44,жен,студент,17,положительное,"Фестивали кино и театра, выставки, музей","Выставки , музей"
1559658032,2023-11-30 10:36:40,муж,студент,18,отрицательное,Концерты или типа того,Не знаю
1559657390,2023-11-30 10:36:05,жен,студент,20,положительное,. ,. 
1559656835,2023-11-30 10:35:40,муж,студент,17,положительное,Спортивное ,Принял бы
1559656474,2023-11-30 10:35:23,муж,студент,17,положительное,"Сходка автомобильных тусовок, место для их проведения ",автомобильные мероприятия
1559656263,2023-11-30 10:35:13,муж,студент,17,положительное,экскурсия ,В экскурсиях
1559656233,2023-11-30 10:35:12,муж,студент,19,отрицательное,Кто больше съест роллов,Кто больше выпьет энергетиков
1559655931,2023-11-30 10:34:59,муж,студент,29,положительное,"экскурсии по историческим местам города, танцы песни ",во всех
1559655403,2023-11-30 10:34:33,муж,студент,15,отрицательное,1,2
1559655373,2023-11-30 10:34:32,муж,студент,17,положительное,в музеях,в никаких 
1559655323,2023-11-30 10:34:29,жен,студент,18,положительное,Мероприятия связанные с живой природой и живописными местами,Не знаю
1559655239,2023-11-30 10:34:26,жен,студент,17,положительное,Экскурсии по Нашему Городу,В любых
1559655172,2023-11-30 10:34:23,жен,студент,16,положительное,"•походы
",в развлекательных 
1559655167,2023-11-30 10:34:23,муж,студент,17,положительное,автозвук,автозвук
1559655100,2023-11-30 10:34:20,муж,студент,20,отрицательное,кто больше съест пельменей ,кто больше съест пельменей
1559655036,2023-11-30 10:34:17,муж,студент,17,отрицательное,.,.
1559655002,2023-11-30 10:34:15,муж,студент,17,положительное,Сходка МДПС,В сходке МДПС
1559654878,2023-11-30 10:34:09,муж,студент,17,положительное,Сходка МБД/МДПС,В сходке МБД/МДПС
1559654863,2023-11-30 10:34:08,муж,студент,17,положительное,Фестиваль ,Фестиваль 
1559654692,2023-11-30 10:34:00,муж,студент,17,положительное,Выставка в музее ,В никаких 
1559654585,2023-11-30 10:33:55,муж,студент,17,положительное,Масленица,Новый год
1559654576,2023-11-30 10:33:54,муж,студент,17,положительное,Фестиваль,Фестиваль 
1559654541,2023-11-30 10:33:53,муж,студент,17,положительное,Масленица,Новый год
1559654450,2023-11-30 10:33:48,жен,студент,29,отрицательное,дискотека века,на дискотеке 
1559654237,2023-11-30 10:33:38,жен,студент,16,положительное,Библиотека ,Библиотека 
1559654101,2023-11-30 10:33:32,жен,студент,17,положительное,"Активные , творческие",В творческих 
1559654068,2023-11-30 10:33:30,муж,студент,18,положительное,Спортивные,Спортивном 
1559653996,2023-11-30 10:33:26,муж,студент,18,положительное,Все,"Все, но это не точно "
1559653953,2023-11-30 10:33:24,муж,студент,16,положительное,Спортивное,В спортивных
1559653465,2023-11-30 10:33:02,жен,студент,16,положительное,"творческие, активные, интересные, увлекательные, яркие, запоминающиеся",в творческих 
1559652981,2023-11-30 10:32:38,муж,студент,19,положительное,Кемпинг,В любых
1559652978,2023-11-30 10:32:38,жен,студент,16,положительное,фестиваль красок Холли ,квизы 
1559652836,2023-11-30 10:32:31,муж,студент,19,отрицательное,Затрудняюсь ответить,Затрудняюсь ответить
1559652735,2023-11-30 10:32:25,жен,студент,16,положительное,фестиваль красок Холли,"квизы, викторины, мастер классы"
1559652732,2023-11-30 10:32:25,муж,школьник,16,положительное,Экскурсии по историческим местам,Квэсты
1559652639,2023-11-30 10:32:20,муж,студент,17,положительное,Фестиваль ,Фестивали 
1559652522,2023-11-30 10:32:14,жен,студент,18,положительное,Хз,Ни в каких
1559652315,2023-11-30 10:32:05,муж,студент,16,отрицательное,-,-
1559652248,2023-11-30 10:32:02,муж,студент,16,положительное,Не знаю,Никаких
1559651865,2023-11-30 10:31:44,жен,студент,16,отрицательное,😎,😎
1559651659,2023-11-30 10:31:35,муж,студент,17,положительное,Все,Во всех
1559651464,2023-11-30 10:31:25,жен,студент,18,положительное,без понятия ,без понятия 
1559651327,2023-11-30 10:31:18,жен,студент,16,положительное,"Театры, аниме фестивали",Аниме фестивали 
1559651168,2023-11-30 10:31:11,жен,студент,21,положительное,.,.
1559650703,2023-11-30 10:30:49,жен,студент,16,отрицательное,Концерты ,Никаких 
1559743375,2023-11-30 11:44:06,жен,школьник,14,положительное,мероприятия в Союзе и краеведческом музее,в союзе
1559743006,2023-11-30 11:43:48,жен,школьник,14,положительное,не знаю ,В любых 
1559742851,2023-11-30 11:43:41,муж,школьник,17,положительное,Любые,Во многих
1559742524,2023-11-30 11:43:25,жен,школьник,15,положительное,По моему мнению фестиваль красок будет интересен гостям города и молодым жителям,Книжная ярмарка
1559742497,2023-11-30 11:43:24,муж,школьник,17,отрицательное,Футбол,Футбол
1559742441,2023-11-30 11:43:22,жен,школьник,15,положительное,"экскурсия в музее Жалка ,экскурсия историческая ,сосновый бор","квест по городу,инстренировку битвы "
1559742252,2023-11-30 11:43:12,жен,школьник,15,положительное,концерты ,концертв
1559742151,2023-11-30 11:43:08,жен,школьник,16,положительное,"Парк Жалка, музей. Краеведческий музей. Исторические экскурсии. Сосновый Бор. ","Квест по городу. Инсценировка битвы с татаро-монголами, сходить или поучаствовать. "
1559650663,2023-11-30 10:30:47,жен,школьник,15,положительное,Весëлые,В весëлых 
1559650609,2023-11-30 10:30:44,муж,школьник,17,положительное,. ,. 
1559650352,2023-11-30 10:30:31,муж,студент,16,отрицательное,"Конкусры по рисованию, где каждый может добавить свое творчество, но с разрешением.",-
1559650080,2023-11-30 10:30:17,жен,студент,18,отрицательное,Интересные ,Интересные
1559649871,2023-11-30 10:30:08,жен,студент,16,положительное,Патриотические,Патриотические
1559649549,2023-11-30 10:29:51,жен,студент,17,положительное,Концерты ,В танцах 
1559649548,2023-11-30 10:29:51,жен,студент,18,отрицательное, Какие нибудь бесплатные и интересные,Интересных
1559649524,2023-11-30 10:29:50,жен,студент,17,положительное,"посещение клубов, которых нет ",не в каких
1559649219,2023-11-30 10:29:35,муж,студент,17,положительное,1,1
1559649143,2023-11-30 10:29:32,жен,студент,16,положительное,Поездка в музеи других городов,"Поездка в музей других городов, в другие города на экскурсию "
1559648574,2023-11-30 10:29:05,муж,студент,18,положительное,Хз,Хз
1559647777,2023-11-30 10:28:25,муж,студент,16,положительное,Квесты и викторина ,Ни в каких 
1559647508,2023-11-30 10:28:13,жен,студент,18,положительное,Концерты известных исполнителей ,Концерты 
1559647094,2023-11-30 10:27:52,жен,студент,17,положительное,Алалалщадаььа,Лчлаьлашсьаььа
1559646972,2023-11-30 10:27:46,жен,студент,16,положительное,"День молодёжи, дискотеки ",В дискотеках 
1559646570,2023-11-30 10:27:26,муж,студент,17,отрицательное,Никакие,Никаких
1559646541,2023-11-30 10:27:25,муж,студент,16,положительное,Масленница,Масленица 
1559645847,2023-11-30 10:26:52,муж,студент,16,положительное,развлекательные по типу фестиваля,в любых
1559645472,2023-11-30 10:26:36,жен,студент,16,положительное,"Музыкальные концерты, различные спортивные мероприятия ",Какие либо соревнования 
1559645023,2023-11-30 10:26:15,жен,школьник,16,положительное,"Музыкальные фестивали, концерты. Театральные выступления. Перевозные выставки.","В тех, что описала выше."
1559644324,2023-11-30 10:25:39,жен,студент,15,положительное,.,.
1559644061,2023-11-30 10:25:26,муж,студент,18,положительное,Концерты,Никаких
1559643895,2023-11-30 10:25:17,муж,студент,16,положительное,Парк атракционов,Волейбол
1559643838,2023-11-30 10:25:15,жен,школьник,15,положительное,Тула ,Не в каких 
1559643836,2023-11-30 10:25:14,жен,студент,17,отрицательное,"Туристические, экскурсии ","Развлекательные, творческие "
1559643769,2023-11-30 10:25:11,муж,студент,17,положительное,Живые концерты,Спортивные
1559643747,2023-11-30 10:25:10,муж,студент,16,положительное,Гонки формула 1,ни в каких
1559643618,2023-11-30 10:25:03,жен,студент,17,отрицательное,"Туризм,  концерты, соревнования, фестивали, развлечения","Развлечения, фестивали"
1559643540,2023-11-30 10:24:59,муж,школьник,15,положительное,Новогодние мероприятия ,На ëлке 
1559643387,2023-11-30 10:24:51,муж,студент,16,положительное,Концерты популярных певцов,в хороших
1559643388,2023-11-30 10:24:51,жен,студент,16,положительное,Концерты,В викторинах
1559643371,2023-11-30 10:24:50,муж,студент,17,положительное,Незнаю,Никаких
1559643261,2023-11-30 10:24:46,жен,школьник,15,положительное,Концерты ,Украшение города 
1559643092,2023-11-30 10:24:38,муж,студент,16,положительное,Концерты,Музыкальные выступления 
1559642933,2023-11-30 10:24:30,муж,студент,17,положительное,без понятия,Никаких
1559642643,2023-11-30 10:24:16,муж,студент,16,положительное,Концерты,Валонтерское
1559642508,2023-11-30 10:24:11,муж,студент,16,положительное,"Парки,экскурсии и т.д",В ЛЮБЫХ
1559642221,2023-11-30 10:23:57,муж,студент,17,положительное,¯\_(ツ)_/¯,¯\_(ツ)_/¯
1559641853,2023-11-30 10:23:40,муж,студент,16,положительное,классное,не знаю
1559641722,2023-11-30 10:23:33,жен,студент,17,положительное,Концерты,Ни в каких
1559641637,2023-11-30 10:23:29,жен,школьник,17,положительное,концерты,во всех
1559641532,2023-11-30 10:23:25,муж,студент,18,положительное,Концерты,Никаких 
1559640846,2023-11-30 10:22:52,муж,студент,18,положительное,Хз,Хз
1559640447,2023-11-30 10:22:32,муж,студент,16,отрицательное,Не знаю,Нет
1559640351,2023-11-30 10:22:27,жен,студент,17,положительное,"Фестивали, концерты ","Квизы
"
1559640308,2023-11-30 10:22:25,жен,студент,18,положительное,-,-
1559640281,2023-11-30 10:22:24,жен,студент,17,положительное,Концерты,В танцевальных мероприятиях 
1559639728,2023-11-30 10:21:56,муж,студент,18,положительное,"Концерты
",Концерты
1559639477,2023-11-30 10:21:43,жен,студент,17,положительное,Хочу аниме фестивали и ярмарки ,Во всём что связано с аниме 
1559639430,2023-11-30 10:21:41,муж,студент,17,положительное,Незнаю,Незнаю
1559639262,2023-11-30 10:21:33,муж,студент,17,положительное,"Кулинарные, развлекательные","Кулинарные , развлекательные "
1559639249,2023-11-30 10:21:32,жен,студент,17,отрицательное,…,…
1559639237,2023-11-30 10:21:32,жен,студент,17,положительное,По музыке ,"В музыкальных, танцевальных, в конкурсах красоты "
1559639210,2023-11-30 10:21:30,жен,студент,17,положительное,Аниме фестивали,Фестивали
1559639021,2023-11-30 10:21:20,жен,студент,17,положительное,развлекательные мероприятия,развлекательные мероприятия
1559638809,2023-11-30 10:21:10,муж,студент,17,положительное,Мегаполис ,"Формат, фаза"
1559638729,2023-11-30 10:21:06,муж,студент,18,положительное,"Концерты, фестивали и т.д.",В фестивалях
1559638570,2023-11-30 10:20:59,муж,студент,16,отрицательное,Не знаю,Нет
1559638372,2023-11-30 10:20:49,жен,студент,17,положительное,Экскурсии,Экскурсии
1559637617,2023-11-30 10:20:12,жен,студент,17,положительное,"дискотеки, концерты",дискотеки 
1559637410,2023-11-30 10:20:01,жен,студент,21,положительное,"Концерт, танцы",В танцевальных 
1559637382,2023-11-30 10:20:00,жен,студент,17,положительное,Спорт мероприятия ,Развлекательные мероприятия 
1559637083,2023-11-30 10:19:45,жен,студент,17,отрицательное,концерты,конценты
1559636872,2023-11-30 10:19:34,жен,школьник,12,отрицательное,.... ,.... 
1559636701,2023-11-30 10:19:26,жен,студент,17,положительное,ярмарки и концерты ,мастер классы 
1559636636,2023-11-30 10:19:23,жен,студент,17,положительное,Все,Во всех возможных 
1559636635,2023-11-30 10:19:23,муж,студент,16,положительное,Спортивные,Во всех
1559636608,2023-11-30 10:19:21,муж,студент,16,положительное,концертные ,Во всех 
1559636347,2023-11-30 10:19:09,жен,студент,19,отрицательное,-,-
1559636319,2023-11-30 10:19:07,муж,студент,16,положительное,"Спортивные, фестиваль, концерты ",Общеобразовательных 
1559636303,2023-11-30 10:19:06,муж,студент,16,положительное,"интерактивные

",в интерактивном
1559636125,2023-11-30 10:18:58,муж,студент,16,положительное,Спортивные  интерактивные,Во всех
1559636111,2023-11-30 10:18:57,муж,студент,16,положительное,Хз,Везде
1559636053,2023-11-30 10:18:54,муж,студент,16,положительное,"Концерты, интерактивные ",Во всех
1559635952,2023-11-30 10:18:49,муж,студент,16,положительное,Патриотизм ,Патриотизм
1559635847,2023-11-30 10:18:44,муж,студент,16,положительное,Скалолазание ,Все
1559635843,2023-11-30 10:18:44,муж,студент,15,положительное,-,-
1559635762,2023-11-30 10:18:40,жен,студент,17,отрицательное,Никакое,Не в каких 
1559635630,2023-11-30 10:18:34,муж,студент,16,положительное,Спортивный ,Во всех
1559635617,2023-11-30 10:18:34,муж,студент,15,положительное,Во всех,Во всех
1559635605,2023-11-30 10:18:33,муж,студент,16,положительное,Интерактивные,Во всех
1559635598,2023-11-30 10:18:33,муж,студент,16,положительное,Спортивные ,Спортивные 
1559635595,2023-11-30 10:18:33,муж,студент,16,положительное,Спортивные,Во всех 
1559635590,2023-11-30 10:18:33,муж,студент,16,положительное,"интерактивные, фестивали, шоу, концерты",во всех
1559635548,2023-11-30 10:18:31,муж,студент,16,положительное,"Интерактивные, спортивные",во всех
1559635529,2023-11-30 10:18:30,муж,студент,17,отрицательное,"Спортивные, концерты ",Во всех 
1559635491,2023-11-30 10:18:28,муж,студент,16,положительное,спортивные,не знаю
1559635381,2023-11-30 10:18:23,жен,студент,16,положительное,"Дискотека, кино ",Не в каких
1559634781,2023-11-30 10:17:56,жен,студент,16,положительное,дискотека,дискотека
1559634732,2023-11-30 10:17:54,жен,студент,16,положительное,Бесплатное кино,Дискотека
1559634723,2023-11-30 10:17:53,жен,студент,16,положительное,фестиваль красок,фестиваль красок
1559634484,2023-11-30 10:17:43,жен,студент,16,положительное,"Театры, кино, дискотека",Не знаю
1559634323,2023-11-30 10:17:36,жен,студент,16,положительное,дискотека,не знаю
1559634281,2023-11-30 10:17:34,жен,студент,16,положительное,дискотека ,не знаю 
1559634068,2023-11-30 10:17:24,жен,студент,16,положительное,хз,в каких угодно
1559634008,2023-11-30 10:17:21,муж,студент,19,отрицательное,Колизиум ,Киберспорт 
1559633923,2023-11-30 10:17:16,жен,студент,16,положительное,концерты ,никаких
1559633637,2023-11-30 10:17:04,жен,студент,16,положительное,"Дискотека,бесплатное кино ",Дискотека 
1559701616,2023-11-30 11:11:12,муж,студент,29,отрицательное,Разные,Никаких 
1559699429,2023-11-30 11:09:27,жен,студент,15,положительное,Электронные сигареты и их вред ,Шоу танцы 
1559697190,2023-11-30 11:07:41,жен,студент,17,положительное,Больше различных крупных мероприятий по праздникам.,"Мероприятия, посвящённые культурам разных стран мира. (Китай, Япония, Америка, Мексика и т.д)"
1559693822,2023-11-30 11:04:57,жен,студент,17,положительное,"Игровые центры, музеи, парки",В игровом  центре
1559689947,2023-11-30 11:01:43,жен,студент,18,положительное,Не какие ,Не в каком
1559689728,2023-11-30 11:01:32,муж,студент,19,положительное,Хз,Хз
1559688623,2023-11-30 11:00:39,жен,студент,18,положительное,.,.
1559688579,2023-11-30 11:00:37,жен,студент,17,положительное,праздники,праздники
1559688573,2023-11-30 11:00:36,муж,студент,16,отрицательное,никакие ,"нет,я гуль"
1559688521,2023-11-30 11:00:34,муж,студент,16,отрицательное,Молодëжные концерты,В патриотических
1559688399,2023-11-30 11:00:27,муж,студент,16,положительное,"Не знаю
",Физкультуре
1559687959,2023-11-30 11:00:04,жен,школьник,15,положительное,Концерты ,Концерты 
1559687728,2023-11-30 10:59:52,муж,студент,17,отрицательное,Не знаю ,Я бы пошел бы в поход со своими одногрупниками
1559687633,2023-11-30 10:59:47,муж,студент,16,отрицательное,-,-
1559687058,2023-11-30 10:59:17,жен,студент,16,отрицательное,Хз,Хз
1559686126,2023-11-30 10:58:31,муж,студент,16,положительное,Походы в другие города,Походы в другие города
1559684534,2023-11-30 10:57:17,жен,студент,27,положительное,Пр,Пр
1559684480,2023-11-30 10:57:15,муж,студент,18,положительное,Спортивные,Спортивные 
1559684115,2023-11-30 10:56:57,жен,студент,17,положительное,"Аниме фесты, тематические ярмарки ",Ни в каких 
1559682936,2023-11-30 10:55:59,муж,студент,16,отрицательное,Походы в другие города,Походы в другие города
1559682292,2023-11-30 10:55:27,жен,студент,17,положительное,Развлекательные ,Во всех)
1559682100,2023-11-30 10:55:18,муж,студент,16,положительное,"Реставрация зданий и исторических мест в Старом городе(старый Алексин) и других местах, наличие экскурсий и тематических мероприятий ",В исторических 
1559681825,2023-11-30 10:55:05,муж,студент,18,отрицательное,.. ,. . .... 
1559681691,2023-11-30 10:54:58,жен,студент,16,положительное,Концерты,Не знаю
1559681683,2023-11-30 10:54:58,жен,студент,16,отрицательное,Кинотеатр ,Не знаю 
1559681519,2023-11-30 10:54:50,жен,студент,17,отрицательное,Не знаю ,Не знаю 
1559681404,2023-11-30 10:54:44,жен,студент,15,отрицательное,"Цирк, мегаполис ",Диджейство 
1559681361,2023-11-30 10:54:43,жен,студент,16,отрицательное,"Концерты.
",Не знаю.
1559681157,2023-11-30 10:54:33,жен,студент,16,положительное,цирк ,цирк
1559680972,2023-11-30 10:54:24,жен,студент,16,положительное,Новый год,Сон 
1559680906,2023-11-30 10:54:21,жен,студент,16,положительное,развлекательные ,развлекательные 
1559680874,2023-11-30 10:54:20,жен,студент,16,положительное,Выставки ,Выставки 
1559680632,2023-11-30 10:54:08,жен,студент,16,положительное,Концерты,Концерты
1559680615,2023-11-30 10:54:08,жен,студент,16,отрицательное,ааааа,аааа
1559680538,2023-11-30 10:54:05,жен,студент,17,положительное,Не знаю,Нет
1559680285,2023-11-30 10:53:53,муж,студент,19,положительное,Концерты ,в спортивном
1559679913,2023-11-30 10:53:34,муж,студент,17,отрицательное,Поход,Поход 
1559679569,2023-11-30 10:53:19,муж,студент,19,положительное,Концерт,В спортивном
1559679152,2023-11-30 10:53:00,муж,школьник,15,положительное,"Киберспортивные, спортивные и  другие мероприятия","В информационных, игровых и спортивных"
1559678221,2023-11-30 10:52:19,муж,студент,19,положительное,Не знаю,Не был
1559677065,2023-11-30 10:51:27,муж,студент,17,отрицательное,Походы ,Поход
1559676936,2023-11-30 10:51:21,жен,студент,17,положительное,"скверы , площадки для детей.",волантерство.
1559676892,2023-11-30 10:51:19,жен,студент,17,положительное,Разные ярморки,Нигде
1559676844,2023-11-30 10:51:17,жен,студент,21,положительное,Нету нормальных места отдыха для  молодёжи ,"Весёлые старты, дискотеки "
1559676768,2023-11-30 10:51:14,жен,студент,18,положительное,"Не знаю, надо смотреть статистику ","Никаких, я работаю "
1559676657,2023-11-30 10:51:09,жен,студент,15,положительное,сходить компанией в томато.,не знаю 
1559676533,2023-11-30 10:51:03,жен,студент,18,положительное,-,-
1559676488,2023-11-30 10:51:01,муж,студент,16,положительное,Реставрация зданий Старого Алексина,Ни в каких
1559676372,2023-11-30 10:50:56,жен,студент,19,положительное,.,.
1559676257,2023-11-30 10:50:50,муж,студент,17,отрицательное,1,0
1559675967,2023-11-30 10:50:38,жен,студент,17,положительное,"Концерты, дискотека ",Квесты
1559675244,2023-11-30 10:50:07,жен,студент,16,положительное,"Дискотек, веселых стартов для молодежи",Веселые старты
1559674982,2023-11-30 10:49:56,муж,студент,19,положительное,Поисковые ,В раскопках 
1559674805,2023-11-30 10:49:47,муж,студент,18,положительное,Хз,ХЗ
1559674447,2023-11-30 10:49:31,жен,студент,16,положительное,Не знаю ,Не на каких 
1559674353,2023-11-30 10:49:27,жен,студент,16,положительное,Доп. Выходные для сна ,Не знаю
1559674348,2023-11-30 10:49:26,муж,студент,16,положительное,Походы в другие города,Походы в другие города
1559674182,2023-11-30 10:49:18,жен,студент,16,положительное,Концерты ,Концерты 
1559673265,2023-11-30 10:48:35,жен,студент,19,положительное,"Концерты , съёмки фильмов ",Съёмок фильма
1559673240,2023-11-30 10:48:34,жен,студент,15,положительное,Я не знаю,Я не знаю
1559672984,2023-11-30 10:48:21,жен,студент,18,положительное,"Концерты, квесты, квизы",Квесты
1559671990,2023-11-30 10:47:36,муж,студент,15,положительное,Концерты,Ни в каких
1559671318,2023-11-30 10:47:05,жен,студент,20,отрицательное,Развивающие ,Квест 
1559671269,2023-11-30 10:47:03,муж,студент,18,положительное,День города например.,Могу вместе с мамой прийти на мероприятие в честь дня города Алексина.
1559671169,2023-11-30 10:46:58,жен,студент,21,положительное,.,.
1559671093,2023-11-30 10:46:54,муж,студент,16,положительное,развлекательные центры мероприятия в них,Походы
1559671019,2023-11-30 10:46:51,жен,школьник,17,положительное,Интересные места,Во всех
1559670987,2023-11-30 10:46:50,муж,студент,23,положительное,Рекреационный отдых,Не имею ограничений в принятии активного участия в мероприятиях в свободное время 
1559670608,2023-11-30 10:46:33,муж,студент,16,положительное,..,".
"
1559670501,2023-11-30 10:46:28,муж,студент,18,положительное,Незнаю ,Спортивных 
1559670186,2023-11-30 10:46:14,муж,школьник,17,положительное,Выставки,-
1559670080,2023-11-30 10:46:09,муж,студент,19,отрицательное,Затрудняюсь ответить,Затрудняюсь ответить
1559669954,2023-11-30 10:46:03,муж,студент,16,положительное,.,.
1559669811,2023-11-30 10:45:57,муж,студент,15,положительное,Пускай их будет много и каждому на выбор,"В никаких, я интроверт"
1559633583,2023-11-30 10:17:02,жен,студент,16,положительное,не знаю ,не знаю 
1559633391,2023-11-30 10:16:54,муж,студент,16,положительное,Парк Химки,Никакие
1559633329,2023-11-30 10:16:52,жен,студент,29,положительное,Активный отдых,Плавание на байдарках
1559633295,2023-11-30 10:16:51,жен,студент,15,положительное,дискотека,дискотека 
1559633204,2023-11-30 10:16:47,жен,студент,16,отрицательное,не знаю ,ни в каких 
1559633181,2023-11-30 10:16:46,муж,студент,16,положительное,Соревнования по футболу ,Соревнования по футболу 
1559633014,2023-11-30 10:16:38,муж,студент,16,положительное,--,--
1559632741,2023-11-30 10:16:25,муж,студент,17,положительное,Русская зима,Русская зима
1559632640,2023-11-30 10:16:20,жен,студент,16,положительное,.,.
1559632568,2023-11-30 10:16:16,муж,студент,18,положительное,Низнаю,Низнаю
1559632421,2023-11-30 10:16:08,жен,студент,17,положительное,Не знаю ,В любых 
1559632321,2023-11-30 10:16:03,муж,студент,16,положительное,Баскетбол,Баскетбольные соревнования 
1559632286,2023-11-30 10:16:01,муж,студент,16,положительное,Баскетбол,"турнир по osu!
"
1559632149,2023-11-30 10:15:54,жен,студент,17,положительное,не знаю ,ни в каких 
1559631746,2023-11-30 10:15:34,муж,студент,16,положительное,Не знаю,Не знаю
1559631731,2023-11-30 10:15:33,муж,студент,16,положительное,Концерты,Конурсы
1559631432,2023-11-30 10:15:17,муж,студент,16,положительное,Концерты,Концерт
1559631335,2023-11-30 10:15:12,муж,студент,16,положительное,Цирк,Фудбол 
1559631331,2023-11-30 10:15:12,жен,студент,16,положительное,ярмарки,косплей-фесты
1559631248,2023-11-30 10:15:08,муж,студент,16,положительное,Незнаю,Незнаю
1559631121,2023-11-30 10:15:01,жен,студент,16,положительное,Театры музеи ,Я бы хотела принять участие в роли гида 
1559627912,2023-11-30 10:12:35,жен,студент,18,положительное,"Интерактивные выставки, мастер-классы","Спортивные, развлекательные, познавательные"
1559584969,2023-11-30 09:34:39,жен,школьник,17,положительное,Природный туризм,Поход
1559565244,2023-11-30 09:16:03,жен,школьник,13,отрицательное,Незнаю е,Незнаю 
1559565011,2023-11-30 09:15:49,муж,школьник,14,положительное,Хз,Хз
1559564170,2023-11-30 09:14:59,жен,школьник,13,положительное,не знаю ,нкт
1559559956,2023-11-30 09:10:56,муж,школьник,14,положительное,Любые,Любых
1559551320,2023-11-30 09:02:20,жен,школьник,14,положительное,Хз,Незнаю
1559521294,2023-11-30 08:28:52,жен,школьник,16,положительное,Посещение музеев ,Туристические лагеря 
1559471104,2023-11-30 07:21:04,жен,школьник,16,положительное,Экскурсии,Экскурсии
1559315254,2023-11-30 00:03:41,жен,школьник,16,отрицательное,Не знаю ,Не знаю 
1559244940,2023-11-29 22:02:15,жен,школьник,16,положительное,История города ,Волонтерство
1559235343,2023-11-29 21:49:14,жен,школьник,17,положительное,Экскурсии ,Экскурсии
1559209577,2023-11-29 21:14:53,муж,школьник,15,положительное,Концерты,"Викторины, квизы, концерты"
1559206872,2023-11-29 21:11:18,муж,школьник,16,положительное,Не знаю,Тоже не знаю
1559206093,2023-11-29 21:10:19,жен,школьник,16,положительное,"Экскурсии, квесты, субботники, ЗОЖ-мероприятие для всех желающих,  прокат катеров на Оке. ","Экскурсии, квесты, субботники, ЗОЖ-мероприятие для всех желающих,  прокат катеров на Оке. "
1559203968,2023-11-29 21:07:36,жен,школьник,16,отрицательное,концерты популярных среди молодежи исполнителей ,концерт современного исполнителя
1559192978,2023-11-29 20:54:01,жен,школьник,17,положительное,Концерты,В волонтерстве
1559182880,2023-11-29 20:41:27,муж,школьник,17,положительное,Кемпинг ,Туризм 
1559139522,2023-11-29 19:52:26,жен,школьник,17,отрицательное,концерты ,волонтеры 
1559129450,2023-11-29 19:40:46,муж,школьник,17,положительное,Ярмарки,Фестиваль
1559123995,2023-11-29 19:34:54,жен,школьник,17,положительное,дискотеки ,любые мероприятия 
1559121592,2023-11-29 19:32:08,муж,школьник,16,положительное,"Различные фестивали, сезонные велогонки",Велогонка
1559117702,2023-11-29 19:27:41,жен,школьник,16,положительное,концерты ,концерты 
1559116269,2023-11-29 19:26:08,муж,школьник,17,положительное,Показ природных ценностей города и окрестностей,Курс НВП
1559116243,2023-11-29 19:26:06,жен,школьник,16,отрицательное,концерты ,"концерт, фестиваль искусства "
1559114751,2023-11-29 19:24:28,муж,школьник,16,отрицательное,Прогулка по лесу ,Вождение людей по лесу 
1559114543,2023-11-29 19:24:14,жен,школьник,16,отрицательное,Экскурсии ,Не принял бы
1559113959,2023-11-29 19:23:35,муж,школьник,16,положительное,Спортивные ,Спортивные 
1559112922,2023-11-29 19:22:27,жен,школьник,16,положительное,"Туристические слёты, походы с палатками, фестивали, конкурсы в верёвочном парке.","Туристические слёты, походы с палатками, фестивали, конкурсы в верёвочном парке."
1559111682,2023-11-29 19:20:59,жен,школьник,17,положительное,"Театральные постановки, исторические мероприятия,  музейная деятельность",Выставки художников Алексина 
1559109133,2023-11-29 19:18:07,жен,школьник,16,положительное,мастер классы,мастер классы
1559108704,2023-11-29 19:17:37,жен,школьник,16,положительное,.,.
1559108215,2023-11-29 19:17:02,жен,школьник,16,положительное,"Встреча с группой ровесников, состоящей из местных жителей","Встреча, беседа в неформальной обстановке для обмена опытом с группой туристов"
1559107565,2023-11-29 19:16:18,жен,школьник,16,положительное,Культурные ,Художественных 
1559107361,2023-11-29 19:16:04,муж,школьник,16,положительное,"Спектакли, концерты известных музыкантов",Концерты
1559107229,2023-11-29 19:15:55,жен,школьник,15,положительное,"Концерты, аниме фестивали","Аниме фестивали , концерты"
1559107043,2023-11-29 19:15:43,жен,школьник,16,положительное,Парк развлечений и аквапарк,концерты
1559106510,2023-11-29 19:15:10,муж,школьник,16,положительное,"Концерты, фестивали, форумы, открытые микрофоны, выставки современного искусства, ярмарки",Во всех 
1559106204,2023-11-29 19:14:49,жен,школьник,16,положительное,без понятия,понятия не имею
1559096861,2023-11-29 19:04:20,жен,школьник,15,положительное,Дискотеки,В ярмарках и дискотеках
1559069031,2023-11-29 18:33:22,муж,школьник,17,положительное,концерт,.
1559066027,2023-11-29 18:30:10,жен,школьник,17,положительное, граффити мероприятия ,граффити мероприятия 
1559063845,2023-11-29 18:27:42,жен,школьник,16,положительное,экскурсии ,в экскурсиях 
1559049190,2023-11-29 18:12:34,жен,школьник,17,положительное,Балы,Бал
1559041521,2023-11-29 18:05:34,жен,школьник,16,положительное,Концертные программы,Ни в каких
1559039851,2023-11-29 18:04:03,муж,школьник,16,положительное,Концерты,Любые 
1559036637,2023-11-29 18:01:06,муж,школьник,17,положительное,"Праздники , Благотворительные мероприятия 
Молодежные мероприятия ","Праздники , Благотворительные мероприятия 
Молодежные мероприятия "
1559034454,2023-11-29 17:59:07,жен,школьник,17,положительное,"Дискотека, прогулка по набережной ",Концерт для молодёжи 
1559029993,2023-11-29 17:54:55,жен,школьник,17,положительное,Концерты ,Концерты 
1559026470,2023-11-29 17:51:46,муж,школьник,17,положительное,А,А
1559019972,2023-11-29 17:46:08,жен,школьник,17,положительное,фестивали и ярмарки,в фестивалях
1559014827,2023-11-29 17:41:42,жен,школьник,15,положительное,поход,туристический слет
1558945942,2023-11-29 16:34:31,жен,школьник,14,положительное,кинопоказы на открытых площадках,хочу в поход по историческим местам
1558935354,2023-11-29 16:24:25,муж,школьник,16,положительное,молодежные тусовки,в тусовках
1558932224,2023-11-29 16:21:35,жен,школьник,15,положительное,новые туристические маршруты,в различных квизах и квестах
1558497071,2023-11-29 10:10:20,жен,студент,18,положительное,Концерты на площади ДК,В молодёжных квестах
1558490110,2023-11-29 10:03:38,жен,студент,15,положительное,спортивные мероприятия,соревнования
